Station,Division,name,lon,lat,"03 ,Attempts/threats to murder, assaults, harassments and related offences","04 ,Dangerous or negligent acts","05 ,Kidnapping and related offences","06 ,Robbery, extortion and hijacking offences","07 ,Burglary and related offences","08 ,Theft and related offences","09 ,Fraud, deception and related offences","10 ,Controlled drug offences","11 ,Weapons and Explosives Offences","12 ,Damage to property and to the environment","13 ,Public order and other social code offences","15 ,Offences against government, justice procedures and organisation of crime"
Abbeyfeale, Limerick Division,Abbeyfeale,-9.290011999999999,52.387297,19,9,0,0,36,67,7,4,5,20,30,3
Abbeyleix, Laois/Offaly Division,Abbeyleix,-7.3437839999999985,52.912735,12,11,0,2,54,68,0,4,0,17,20,2
Adare, Limerick Division,Adare,-8.792065,52.563903,1,4,0,0,16,44,0,1,0,3,4,5
Aglish, Waterford Division,Aglish,-7.822039,52.07159,3,4,0,0,5,4,1,0,0,3,4,0
Ahascragh, Galway Division,Ahascragh,-8.330639999999999,53.395672,4,3,0,0,4,4,1,0,0,2,0,0
Ailt an Chorraiin, Donegal Division,Burtonport,-8.438638000000001,54.984922,5,2,0,0,0,3,0,0,0,5,2,0
An Bun Beag, Donegal Division,Bunbeg,-8.289455,55.065567,12,5,0,0,6,8,1,4,0,9,9,1
An Charraig, Donegal Division,Carrigart,-7.798482000000001,55.175128,2,1,0,0,2,7,0,0,0,6,1,1
An Cheathru Rua, Galway Division,Carraroe,-9.600493,53.264508,8,3,0,0,2,1,0,0,0,8,15,5
An Clochain Liath, Donegal Division,Dungloe,-8.361278,54.951565,23,7,0,0,2,19,2,0,0,9,15,2
An Coirean, Kerry Division,Waterville,-10.174173,51.831085,5,2,0,0,11,7,1,0,0,2,9,0
An Craoslach, Donegal Division,Creeslough,-7.912553999999999,55.12528100000001,2,1,0,0,2,5,0,0,0,7,2,1
An Fail Carrach, Donegal Division,Falcarragh,-8.102015,55.136977,7,9,0,0,2,3,1,1,0,12,22,0
An Maim, Galway Division,Maum,-9.564931,53.510728,3,4,0,0,5,11,1,3,6,3,2,0
An Rinn, Waterford Division,Ring,-7.593042999999999,52.048379,0,3,0,0,4,3,0,2,0,4,6,1
An Spideal, Galway Division,Spiddle,-9.305633,53.245432,3,4,0,1,1,10,4,0,0,6,5,1
Anglesea Street, Cork City Division,Anglesea Street,-8.465015,51.895775,205,32,1,29,78,1044,69,73,21,190,941,294
Annascaul, Kerry Division,Annascaul,-10.052538,52.152418,0,0,0,0,1,2,0,1,0,1,1,0
Aran More, Galway Division,Oranmore,-8.931893000000002,53.272075,30,44,0,2,60,117,22,27,5,42,45,5
Ard an Raitha, Donegal Division,Ardara,-8.409485,54.764529,3,1,0,0,2,5,0,1,0,2,8,0
Ardee, Louth Division,Ardee,-6.541139,53.854914,30,18,1,0,69,88,9,3,1,54,22,6
Ardfert, Kerry Division,Ardfert,-9.778885,52.323486,6,3,0,0,10,11,1,7,0,2,6,0
Ardfinnan, Tipperary Division,Ardfinnan,-7.878311,52.31183,3,5,0,0,7,11,1,4,0,7,0,0
Ardmore, Waterford Division,Ardmore,-7.728211,51.95102,6,0,0,0,5,15,0,3,1,3,4,0
Ardnacrusha, Limerick Division,Ardnacrusha,-8.613146,52.707692,13,11,0,2,30,89,7,4,1,48,36,4
Ardrahan, Galway Division,Ardrahan,-8.806455,53.15665,2,2,0,0,12,3,1,1,0,0,2,0
Arklow, Wicklow Division,Arklow,-6.154628,52.79628100000001,72,31,1,1,102,187,13,87,9,111,175,41
Arles, Laois/Offaly Division,Arles,-7.018923,52.890977,3,7,0,0,33,31,0,7,0,11,7,1
Arva, Cavan/Monaghan Division,Arvagh,-7.583728999999999,53.925376,6,5,0,0,4,7,1,0,2,6,15,1
Ashbourne, Meath Division,Ashbourne,-6.396999,53.511375,59,21,1,9,118,318,33,15,3,86,88,14
Ashford, Wicklow Division,Ashford,-6.108274,53.013445,16,11,0,4,47,60,4,31,3,20,21,7
Askeaton, Limerick Division,Askeaton,-8.978285000000003,52.600208,2,1,0,0,10,36,1,1,0,5,11,1
Athea, Limerick Division,Athea,-9.287469999999999,52.459923,3,1,0,0,10,13,0,0,0,4,0,0
Athenry, Galway Division,Athenry,-8.749687,53.29975,20,19,0,1,22,27,14,3,0,19,20,2
Athleague, Roscommon/Longford Division,Athleague,-8.252367,53.568697,1,2,0,1,2,4,0,0,0,0,5,0
Athlone, Westmeath Division,Athlone,-7.944738,53.423248,109,38,0,12,276,475,33,76,26,210,196,39
Athy, Kildare Division,Athy,-6.988236,52.99020600000001,67,16,2,8,201,201,11,24,7,120,78,31
Aughrim, Wicklow Division,Aughrim,-6.32684,52.85603100000001,9,2,0,1,12,8,1,3,0,1,1,1
Avoca, Wicklow Division,Avoca,-6.212905,52.858789,2,1,0,0,15,24,0,2,0,10,6,0
Baile Bhuirne, Cork West Division,Ballyvourney,-9.169196,51.945772,0,0,0,0,9,7,1,2,0,1,2,0
Baile an FheirtÃ©araigh, Kerry Division,Ballyferiter,-10.406194,52.165926,0,1,0,0,2,3,0,1,0,3,1,0
Bailieboro, Cavan/Monaghan Division,Bailieboro,-6.96963,53.915212,29,9,0,1,9,34,4,8,2,29,59,1
Balbriggan, D.M.R. Northern Division,Balbriggan,-6.191172,53.61433,97,53,3,7,140,542,114,55,10,203,78,39
Balla, Mayo Division,Balla,-9.129878999999999,53.801869,6,3,0,1,3,15,1,0,0,2,10,1
Ballaghderreen, Roscommon/Longford Division,Ballaghaderreen,-8.584588,53.89993199999999,22,4,0,0,48,40,18,7,4,29,56,7
Ballina, Mayo Division,Ballina,-9.160445,54.11285400000001,62,20,0,7,40,148,20,35,5,109,165,13
Ballinagh, Cavan/Monaghan Division,Ballinagh,-7.409629,53.93111,14,6,0,0,8,23,2,1,1,8,12,1
Ballinamore, Sligo/Leitrim Division,Ballinamore,-7.796969,54.054599,10,2,0,0,7,17,2,0,0,5,14,0
Ballinasloe, Galway Division,Ballinasloe,-8.223624000000001,53.32843100000001,65,22,0,4,32,186,25,30,9,80,184,26
Ballincollig, Cork City Division,Ballincollig,-8.590321000000001,51.888237,45,30,0,6,30,163,21,61,9,87,87,9
Ballindine, Mayo Division,Ballindine,-8.957725,53.669647,0,2,0,0,5,4,0,0,0,5,2,0
Ballineen, Cork West Division,Ballineen,-8.948867,51.73592,0,6,0,0,6,17,0,6,0,5,3,0
Ballingarry North, Tipperary Division,Ballingarry North,-8.030464,53.018366,0,1,0,1,4,5,0,0,0,3,0,0
Ballingarry South, Tipperary Division,Ballingarry South,-7.541163,52.586041,0,4,0,0,7,10,1,4,0,5,1,0
Ballingarry, Limerick Division,Ballingarry,-8.862845,52.47213000000001,4,0,0,0,20,21,0,0,0,8,2,4
Ballinhassig, Cork West Division,Ballinhassig,-8.570545,51.804093,5,4,0,0,5,27,3,7,2,5,3,1
Ballinlough, Roscommon/Longford Division,Ballinlough,-8.635822000000001,53.740774,6,3,0,0,3,6,3,1,0,8,3,0
Ballinrobe, Mayo Division,Ballinrobe,-9.226214,53.624611,12,11,3,2,15,42,3,0,0,19,17,1
Ballintra, Donegal Division,Ballintra,-8.125418,54.577798,2,5,0,0,4,12,0,1,1,3,4,0
Ballivor, Meath Division,Ballivor,-6.967157,53.53270300000001,6,0,0,0,11,14,0,4,0,8,13,3
Ballon, Kilkenny/Carlow Division,Ballon,-6.772182000000001,52.743226,1,2,0,1,28,11,2,0,0,1,1,0
Ballybay, Cavan/Monaghan Division,Ballybay,-6.904803,54.128944,3,3,0,0,6,18,3,0,2,9,19,3
Ballybofey, Donegal Division,Ballybofey,-7.779638,54.800024,49,30,0,1,25,66,12,9,3,39,95,5
Ballybunion, Kerry Division,Ballybunnion,-9.670238000000001,52.51125699999999,6,7,0,0,11,10,0,11,2,18,65,0
Ballyconnell, Cavan/Monaghan Division,Ballyconnell,-7.580203999999998,54.118998,7,8,0,0,9,30,1,2,1,6,11,1
Ballycotton, Cork North Division,Ballycotton,-8.013091000000001,51.830332,2,1,0,0,5,5,0,3,0,2,0,0
Ballycroy, Mayo Division,Ballycroy,-9.825856,54.025764,8,0,0,0,2,0,1,0,0,2,0,0
Ballycullane, Wexford Division,Ballycullane,-6.839211,52.278869,5,3,0,0,6,4,1,5,0,13,1,1
Ballydehob, Cork West Division,Ballydehob,-9.460782,51.559116,5,4,0,0,4,7,0,8,0,3,2,0
Ballydesmond, Cork West Division,Ballydesmond,-9.230971,52.178235,2,2,0,0,5,7,1,0,0,3,0,2
Ballyduff,  Co. Kerry. Kerry Division,,-9.6631,52.45585,8,6,0,0,8,2,0,8,2,4,15,0
Ballyfermot, D.M.R. Western Division,Ballyfermot,-6.357991,53.34476,91,63,2,36,275,706,52,181,27,339,190,23
Ballygar, Galway Division,Ballygar,-8.328389999999999,53.521866,4,3,0,0,3,6,1,1,0,3,4,0
Ballyhale, Kilkenny/Carlow Division,Ballyhale,-7.2015270000000005,52.468333,1,1,0,0,4,10,1,2,1,8,2,1
Ballyhaunis, Mayo Division,Ballyhaunis,-8.767407,53.763974,15,8,0,1,16,36,3,3,0,17,20,0
Ballyheigue, Kerry Division,Ballyheigue,-9.827458,52.389174,8,2,0,0,3,7,0,7,0,13,6,0
Ballyjamesduff, Cavan/Monaghan Division,Ballyjamesduff,-7.208767,53.86311,18,8,4,0,9,18,2,3,2,11,15,1
Ballylanders, Limerick Division,Ballylanders,-8.345469999999999,52.37070900000001,4,2,1,0,14,20,2,0,0,10,8,2
Ballylinan, Laois/Offaly Division,Ballylinan,-7.043236,52.942954,3,0,0,0,32,20,0,0,0,8,5,0
Ballymacarberry, Waterford Division,Ballymacarberry,-7.717707000000001,52.267228,6,5,0,0,8,2,0,0,0,2,6,0
Ballymahon, Roscommon/Longford Division,Ballymahon,-7.760849,53.56131,21,8,0,0,32,30,5,15,3,39,39,3
Ballymore, Westmeath Division,Ballymore,-7.681731,53.49108199999999,2,2,0,1,9,11,1,0,2,2,3,0
Ballymote, Sligo/Leitrim Division,Ballymote,-8.515224,54.087429,12,8,0,0,10,23,1,7,3,18,18,12
Ballymun, D.M.R. Northern Division,Ballymun,-6.26371,53.39453100000001,127,41,1,40,163,651,27,262,32,367,170,32
Ballynacargy, Westmeath Division,Ballynacargy,-7.534945,53.586311,6,1,0,0,7,7,1,0,0,7,2,2
Ballyneety, Limerick Division,Ballyneety,-8.548932,52.597271,4,2,0,0,27,46,2,0,0,13,1,1
Ballynoe, Cork North Division,Ballynoe,-8.099306,52.060207,5,2,0,0,4,4,0,0,0,10,2,0
Ballyporeen, Tipperary Division,Ballyporeen,-8.097746,52.270205,5,2,0,0,5,6,0,2,0,4,4,0
Ballyshannon, Donegal Division,Ballyshannon,-8.204817,54.49874300000001,12,5,1,1,16,23,3,30,3,24,35,10
Ballyvaughan, Clare Division,Ballyvaughan,-9.147112,53.116153,2,1,0,0,6,11,0,1,0,4,3,0
Baltimore, Cork West Division,Baltimore,-9.372258,51.483488,0,2,0,0,0,1,0,0,0,3,0,0
Baltinglass, Wicklow Division,Baltinglass,-6.709772,52.938986,33,1,0,2,43,68,9,12,2,33,17,3
Banagher, Laois/Offaly Division,Banagher,-7.9859300000000015,53.190536,4,4,0,1,6,19,0,2,0,6,4,0
Bandon, Cork West Division,Bandon,-8.739863,51.74508400000001,35,24,1,0,21,101,18,41,3,42,106,35
Bangor Erris, Mayo Division,Bangor Erris,-9.747078,54.143979,4,5,0,0,3,4,0,1,0,3,3,0
Bansha, Tipperary Division,Bansha,-8.065584,52.449254,1,4,0,0,5,14,0,0,0,4,3,2
Bantry, Cork West Division,Bantry,-9.455239,51.68027,22,15,0,0,13,31,7,32,4,29,90,15
Barnaderg, Galway Division,Barnaderg,-8.722468,53.480544,4,2,0,0,5,9,2,0,1,3,1,0
Barraduff, Kerry Division,Barraduff,-9.340943,52.059764,0,0,0,0,3,0,0,0,0,1,0,0
Belturbet, Cavan/Monaghan Division,Belturbet,-7.442614999999999,54.101166000000006,15,3,0,0,11,66,2,4,1,13,8,2
Bennettsbridge, Kilkenny/Carlow Division,Bennetsbridge,-7.1832410000000015,52.59030300000001,1,5,0,0,10,11,1,4,0,2,5,0
Birr,  Laois/Offaly Division,Birr,-7.911523,53.096052,37,11,0,4,53,119,4,7,2,51,68,8
Bishopstown, Cork City Division,Bishopstown,-8.514534,51.880667,24,19,3,5,64,350,13,27,0,55,86,5
Blacklion, Cavan/Monaghan Division,Blacklion,-7.876192,54.291479,1,0,0,0,3,5,0,1,0,1,1,7
Blackrock, Cork City Division,Blackrock,-8.40431,51.894335,35,26,0,4,42,243,13,51,14,59,79,3
Blackrock, D.M.R. Eastern Division,Blackrock,-6.177504,53.299805000000006,59,35,0,17,353,620,67,31,18,142,162,6
Blackrock, Louth Division,Blackrock,-6.368241,53.963757,15,6,0,0,44,64,3,3,1,34,17,1
Blackwater, Wexford Division,Blackwater,-6.348826,52.445411,3,7,0,0,26,37,0,1,0,12,3,0
Blanchardstown, D.M.R. Western Division,Blanchardstown,-6.380975,53.38992,226,120,2,118,692,2344,149,303,50,748,330,439
Blarney, Cork City Division,Blarney,-8.567658,51.931964,22,20,0,0,26,84,2,33,4,49,29,3
Blessington, Wicklow Division,Blessington,-6.533734,53.17026600000001,33,11,0,2,69,148,6,27,1,50,38,2
Boherbue, Cork West Division,Boherbue,-9.069752000000001,52.158972,4,1,0,0,9,13,0,2,0,5,9,1
Bonniconlon, Mayo Division,Bonniconlon,-9.028962,54.10955300000001,4,1,0,0,5,9,0,3,1,3,1,0
Borris, Kilkenny/Carlow Division,Borris,-6.929311,52.601802,15,1,0,0,9,21,1,3,1,11,7,0
Borris-In-Ossory, Laois/Offaly Division,Borris-in-Ossory,-7.628803,52.939297,0,4,0,0,19,24,1,1,0,4,0,0
Borrisokane, Tipperary Division,Borrisokane,-8.127013,52.99711800000001,7,7,0,0,6,18,0,4,0,8,4,1
Borrisoleigh, Tipperary Division,Borrisoleigh,-7.955371,52.75149,3,0,0,0,9,16,2,1,0,5,2,0
Bothar Na Tra, Galway Division,Salthill,-9.079714,53.258788,47,30,0,3,144,137,18,29,2,109,164,17
Boyle, Roscommon/Longford Division,Boyle,-8.300395,53.97337,20,3,0,1,22,45,8,9,0,17,25,0
Bray, Wicklow Division,Bray,-6.100594999999998,53.19867900000001,134,50,1,17,227,733,53,229,28,299,407,148
Bridewell Cork, Cork City Division,Bridewell,-8.477045,51.900553,177,40,0,21,106,509,36,80,16,166,527,49
Bridewell Dublin, D.M.R. North Central Division,Bridewell,-6.27413,53.34708000000001,127,43,3,58,208,891,49,159,38,358,346,3138
Bruff, Limerick Division,Bruff,-8.546975,52.47733,10,1,0,0,7,28,1,2,0,15,25,4
Bruree, Limerick Division,Bruree,-8.650418,52.42316,4,1,0,0,19,19,0,1,0,3,6,4
Bunclody, Wexford Division,Bunclody,-6.662477,52.656758,12,10,0,1,42,55,3,3,0,20,9,0
Buncrana, Donegal Division,Buncrana,-7.450711,55.1315,52,24,0,0,16,84,7,11,4,42,100,10
Bundoran, Donegal Division,Bundoran,-8.279344,54.47655400000001,31,13,0,0,14,34,4,36,2,22,115,7
Burnfoot, Donegal Division,Burnfoot,-7.401575999999999,55.054674,14,13,0,1,9,31,2,4,3,28,19,3
Buttevant, Cork North Division,,-8.671275,52.229313,17,5,0,0,13,32,1,4,1,18,25,0
BÃ©al an Mhuirthead, Mayo Division,Belmullet,-9.985584,54.221746,10,13,0,0,6,9,0,3,1,8,23,4
BÃ©al aÂÅtha an Ghaorthaidh, Cork West Division,Ballingeary,-9.228983,51.851864,1,2,0,0,2,4,1,0,0,2,0,0
Cabinteely, D.M.R. Eastern Division,Cabinteely,-6.150651,53.260789,84,27,1,11,354,514,29,38,5,160,103,13
Cabra, D.M.R. Western Division,Cabra,-6.30764,53.364985,65,19,0,27,147,571,77,84,8,311,94,14
Caherciveen, Kerry Division,Caherciveen,-10.219832,51.946966,15,2,0,0,13,23,5,5,0,11,26,1
Caherconlish, Limerick Division,Caherconlish,-8.469536,52.593816,4,1,0,1,17,41,1,3,0,11,6,2
Cahir, Tipperary Division,Cahir,-7.920298,52.375972,24,25,0,1,35,36,4,17,2,23,35,6
Callan, Kilkenny/Carlow Division,Callan,-7.391039,52.542375,12,1,0,0,31,37,5,4,2,28,15,4
Campile, Wexford Division,Campile,-6.939622,52.28778300000001,4,3,0,0,2,10,4,2,0,11,5,0
Cappamore, Limerick Division,Cappamore,-8.338486,52.614671,4,2,0,0,11,14,0,0,0,9,7,0
Cappawhite, Tipperary Division,Cappawhite,-8.164835,52.583158,4,5,0,0,9,22,2,3,0,3,1,0
Cappoquin, Waterford Division,Cappoquin,-7.845723,52.145886,13,2,0,1,10,18,3,3,0,11,10,0
Carbury, Kildare Division,Carbury,-6.936698,53.338463,9,9,0,0,37,98,1,3,5,26,6,3
Carlingford, Louth Division,Carlingford,-6.187213,54.041228,11,4,0,1,10,50,2,2,1,25,22,2
Carlow, Kilkenny/Carlow Division,Carlow,-6.929317,52.840527,124,78,1,17,260,531,27,152,21,204,421,56
Carna, Galway Division,Carna,-9.824405,53.323548,4,4,0,0,2,9,0,0,0,4,5,1
Carndonagh, Donegal Division,Carndonagh,-7.259461,55.25350600000001,27,11,0,0,12,38,0,4,0,24,22,7
Carnew, Wicklow Division,Carnew,-6.491768,52.71050699999999,4,0,0,0,21,14,5,0,0,10,2,0
Carraig Airt, Donegal Division,Carrick,-8.63309,54.65788000000001,16,6,0,0,10,4,0,0,0,19,9,0
Carrick-On-Shannon, Sligo/Leitrim Division,Carrick-on-Shannon,-8.09015,53.944337,48,34,0,0,20,105,18,33,4,56,149,13
Carrick-On-Suir, Tipperary Division,Carrick-on-Suir,-7.409894,52.348154,26,12,1,1,47,80,7,38,4,32,43,15
Carrick-on-Bannow, Wexford Division,Carrick-on-Bannow,-6.734023,52.238145,3,1,0,0,12,12,2,0,1,7,2,3
Carrickbyrne, Wexford Division,Carrickbyrne,-6.7597130000000005,52.362377,1,6,0,0,20,11,0,10,0,6,9,3
Carrickmacross, Cavan/Monaghan Division,Carrickmacross,-6.718775999999999,53.976059,41,30,1,2,38,101,8,15,2,68,148,16
Carrigaline, Cork City Division,Carrigaline,-8.391535000000001,51.814833,34,15,0,1,12,101,12,32,0,54,66,2
Carrigallen, Sligo/Leitrim Division,Carrigallen,-7.646708,53.975591,3,0,0,0,8,7,2,1,0,4,0,1
Carrigans, Donegal Division,Carrigans,-7.426749000000001,54.951187,9,5,0,0,23,10,0,0,0,12,6,1
Carrigtwohill, Cork North Division,Carrigtwohil,-8.261819000000001,51.909467,17,16,1,1,7,43,2,6,1,16,13,0
Cashel, Tipperary Division,Cashel,-7.890302,52.516336,28,26,0,0,31,87,6,15,1,21,29,15
Castlebar, Mayo Division,Castlebar,-9.297628,53.853436,108,46,0,2,47,242,29,45,6,120,208,30
Castlebellingham, Louth Division,Castlebellingham,-6.389939,53.899264,12,11,1,1,61,108,2,4,1,24,8,1
Castleblayney, Cavan/Monaghan Division,Castleblaney,-6.735032,54.117858,38,55,0,0,31,63,10,6,5,71,161,4
Castlebridge, Wexford Division,Castlebridge,-6.452561,52.384712,6,10,0,0,18,54,4,4,2,14,10,7
Castlecomer, Kilkenny/Carlow Division,Castlecomer,-7.2095410000000015,52.79926500000001,10,2,0,2,42,38,0,5,1,32,30,4
Castleconnell, Limerick Division,Castleconnel,-8.49847,52.713406000000006,7,6,0,1,36,96,2,4,8,25,20,6
Castledermot, Kildare Division,Castledermot,-6.849182000000001,52.909221,7,3,0,1,47,38,1,3,1,23,4,0
Castlefin, Donegal Division,Castlefinn,-7.595233,54.8027,12,12,0,2,10,12,1,4,0,16,4,1
Castlegregory, Kerry Division,Castlegregory,-10.020617,52.254163,4,1,0,0,8,19,0,1,0,6,1,0
Castleisland, Kerry Division,Castleisland,-9.467496,52.230794,12,14,0,0,7,33,4,18,3,16,14,8
Castlemaine, Kerry Division,Castlemaine,-9.700593,52.170229,0,3,0,0,1,11,3,2,0,2,5,1
Castlepollard, Westmeath Division,Castlepollard,-7.296635,53.678482,1,2,0,1,8,28,1,2,0,12,6,0
Castlerea, Roscommon/Longford Division,Castlerea,-8.484061,53.766632,97,8,0,0,27,52,7,36,4,29,45,35
Castletownbere, Cork West Division,Castletownbere,-9.914682,51.649482,7,1,0,0,6,13,2,0,0,8,3,0
Castletownroche, Cork North Division,Castletownroche,-8.467951,52.170729,4,3,0,0,11,19,1,14,0,11,3,0
Cavan, Cavan/Monaghan Division,Cavan,-7.360879,53.993329,122,54,4,5,88,296,34,96,19,112,200,49
Celbridge, Kildare Division,Celbridge,-6.541734,53.343999,26,17,0,7,118,349,13,25,2,94,44,8
Charlestown, Mayo Division,Charlestown,-8.793514,53.962745,14,4,0,0,12,24,1,1,3,14,14,2
Charleville, Cork North Division,Charleville,-8.682567,52.356054,19,26,0,0,28,92,7,6,4,36,50,4
Cill Ronain, Galway Division,Cill Ronain,-9.667817999999999,53.121306,3,0,0,0,0,1,0,0,0,9,4,0
Clane, Kildare Division,Clane,-6.685898,53.293654,33,14,0,2,97,151,4,17,7,65,34,4
Clara, Laois/Offaly Division,Clara,-7.614105,53.345415,8,6,0,0,25,28,4,13,4,20,7,2
Claremorris, Mayo Division,Claremorris,-9.000249,53.722297,23,12,0,1,10,49,11,6,1,14,44,2
Clifden, Galway Division,Clifden,-10.009242,53.488185,16,15,0,0,8,24,8,9,2,45,40,3
Cloghan, Laois/Offaly Division,Cloghan,-7.877516,53.224847,3,3,0,1,5,4,1,0,0,6,1,0
Clogheen, Tipperary Division,Clogheen,-7.995338,52.276899,4,2,0,0,5,16,0,0,0,5,5,0
Clogher, Donegal Division,Clogher,-8.4275,54.836778,0,0,0,0,0,0,0,0,0,2,0,0
Clogherhead, Louth Division,Clogherhead,-6.242661,53.790411,11,4,0,0,24,96,3,3,1,39,11,5
Clonakilty, Cork West Division,Clonakilty,-8.888908000000002,51.624951,27,8,0,0,17,70,4,23,0,23,78,16
Clonark, Roscommon/Longford Division,Clonark,-8.034655,53.368396,4,2,0,2,10,20,0,1,0,6,1,0
Clonaslee, Laois/Offaly Division,Clonaslee,-7.526043,53.148619,4,1,0,0,6,11,3,0,0,6,2,0
Clonbologue, Laois/Offaly Division,Clonbologue,-7.0857600000000005,53.259142,2,0,0,0,15,6,1,1,0,4,2,0
Clondalkin, D.M.R. Western Division,Clondalkin,-6.394958,53.323146,120,80,2,90,356,1123,63,212,46,367,211,36
Clones, Cavan/Monaghan Division,Clones,-7.228158,54.177489,17,6,0,0,4,38,2,4,1,11,6,1
Clonmany, Donegal Division,Clonmany,-7.412816999999999,55.263009,5,1,0,0,1,4,0,0,1,10,18,0
Clonmel, Tipperary Division,Clonmel,-7.6999369999999985,52.354092,94,65,1,8,118,319,14,201,21,117,269,28
Clonroche, Wexford Division,Clonroche,-6.715872999999998,52.450375,2,2,1,0,20,22,3,2,0,3,8,0
Clontarf, D.M.R. Northern Division,Clontarf,-6.220152,53.363544,51,35,2,30,356,669,36,69,13,229,110,14
Cloughjordan, Tipperary Division,Cloughjordan,-8.039714,52.94196700000001,2,1,0,0,1,8,0,1,0,4,1,0
Cloyne, Cork North Division,Cloyne,-8.123499,51.86276,3,2,0,0,2,11,1,7,0,6,3,0
Coachford, Cork West Division,Coachford,-8.791136,51.909134,6,6,0,0,6,30,2,3,1,9,6,0
Cobh, Cork North Division,Cobh,-8.303642,51.84824,60,15,0,1,19,78,4,35,1,58,121,6
Collon, Louth Division,Collon,-6.484901,53.77785400000001,5,3,0,1,10,15,2,1,0,0,2,0
Collooney, Sligo/Leitrim Division,Collooney,-8.487866,54.185481,8,7,0,0,14,27,9,3,0,19,12,2
Cong, Mayo Division,Cong,-9.286535,53.541468,4,0,0,0,12,8,0,2,0,8,4,0
Convoy, Donegal Division,Convoy,-7.668991,54.859325,20,9,0,0,5,16,3,5,1,21,11,0
Coolaney, Sligo/Leitrim Division,Coolaney,-8.603388,54.172371,2,2,0,0,5,8,0,2,1,1,2,3
Coolock, D.M.R. Northern Division,Coolock,-6.201099,53.390335,131,78,2,81,373,845,37,362,63,374,217,49
Cootehill, Cavan/Monaghan Division,Cootehill,-7.078703,54.074708,22,6,0,1,23,57,1,0,5,18,31,4
Corofin Co. Clare, Clare Division,Corofin,-9.068588,52.947992000000006,11,3,0,0,1,14,0,4,0,3,20,5
Corofin Co. Galway, Galway Division,Corofin,-8.863001000000002,53.437635,5,6,0,0,4,6,1,3,0,5,2,1
Courtown Harbour, Wexford Division,Courtown Harbour,-6.230528,52.644257,22,11,0,5,73,88,0,11,6,42,17,8
Craughwell, Galway Division,Craughwell,-8.733921,53.22943000000001,12,6,0,0,17,23,0,2,0,6,6,0
Creggs, Galway Division,Creggs,-8.363792,53.59486,2,1,0,0,0,0,0,0,0,1,2,0
Crookstown, Cork West Division,Crookstown,-8.801264,51.858654,7,5,0,0,3,29,1,7,1,13,4,1
Croom, Limerick Division,Croom,-8.718798,52.522001,3,3,0,0,12,43,5,1,0,16,7,1
Crosshaven, Cork City Division,Crosshaven,-8.304453,51.803976,3,4,0,0,6,25,3,5,2,19,16,3
Crossmolina, Mayo Division,Crossmolina,-9.322703,54.099814,3,3,0,0,5,17,0,4,1,9,5,1
Crumlin, D.M.R. Southern Division,Crumlin,-6.315017,53.319567000000006,90,26,3,44,283,483,43,67,19,271,97,19
Crusheen, Clare Division,Crusheen,-8.898636,52.938477,2,4,0,0,6,7,0,0,0,7,2,0
Daingean, Laois/Offaly Division,Daingean,-7.2935729999999985,53.292953,9,1,0,1,17,32,0,2,1,9,2,1
Delvin, Westmeath Division,Delvin,-7.090084,53.61445500000001,9,3,0,1,8,25,3,62,2,6,12,4
Dingle, Kerry Division,Dingle,-10.270497,52.139247,19,14,0,0,2,20,3,6,1,12,61,3
Dolla, Tipperary Division,Dolla,-8.192115,52.797134,0,1,0,0,5,11,0,0,0,2,0,0
Donegal Town, Donegal Division,Donegal,-8.111061,54.652423,34,14,0,0,10,33,6,11,2,18,58,5
Doneraile, Cork North Division,Doneraile,-8.585414,52.215706,7,2,0,0,11,19,0,1,0,12,9,2
Donnybrook, D.M.R. South Central Division,Donnybrook,-6.235914,53.32173100000001,45,29,2,24,294,811,51,61,11,137,187,4
Douglas, Cork City Division,Douglas,-8.430959,51.875091,56,23,0,1,72,228,13,64,6,90,76,7
Dowra, Cavan/Monaghan Division,Dowra,-8.01525,54.190428,2,1,0,0,2,5,0,0,0,1,1,1
Drimoleague, Cork West Division,Drimoleague,-9.263986000000001,51.659024,3,0,0,0,8,6,1,7,0,10,10,0
Drinagh, Cork West Division,Drinagh,-9.154525999999999,51.64771,0,0,0,0,4,4,0,0,0,0,0,1
Drogheda, Louth Division,Drogheda,-6.356643,53.715056,227,50,0,25,353,689,42,190,26,351,366,77
Drumad, Louth Division,Drumad,-6.360793,54.09576800000001,7,4,0,0,19,44,2,1,1,38,2,0
Drumcollogher, Limerick Division,Dromcollogher,-8.911261,52.338222,3,3,0,0,15,9,1,3,1,7,3,0
Drumlish, Roscommon/Longford Division,Drumlish,-7.765942999999999,53.821699,13,8,0,0,5,11,2,2,0,9,13,1
Drumshambo, Sligo/Leitrim Division,Drumshanbo,-8.039977,54.046503,10,3,0,0,28,17,1,0,6,19,11,0
Dublin Airport, D.M.R. Northern Division,Dublin Airport,-6.24501,53.429782,10,10,6,2,4,149,32,22,3,18,54,0
Duleek, Meath Division,Duleek,-6.418061,53.653865,11,7,0,5,54,82,4,7,2,35,12,2
Dun Fionnachaid, Donegal Division,Dunfanaghy,-7.9744350000000015,55.18292099999999,3,3,1,0,2,7,0,0,0,10,9,0
Dun Laoghaire, D.M.R. Eastern Division,Dun Laoghaire,-6.1333470000000005,53.289915,102,28,0,40,377,816,63,86,22,358,292,228
Dunboyne, Meath Division,Dunboyne,-6.477153,53.421092,39,13,0,3,61,220,15,11,1,48,29,1
Duncannon, Wexford Division,Duncannon,-6.929776,52.221401,3,8,0,0,12,18,1,3,0,7,3,3
Dundalk, Louth Division,Dundalk,-6.409665,53.999499,176,71,0,35,400,856,69,70,41,402,280,62
Dundrum, D.M.R. Eastern Division,Dundrum,-6.242572,53.28954399999999,82,49,0,33,585,1390,87,66,12,355,191,13
Dungarvan, Waterford Division,Dungarvan,-7.624475,52.087691,69,32,0,1,55,185,14,92,13,68,233,17
Dunlavin, Wicklow Division,Dunlavin,-6.7010710000000016,53.058777,5,0,0,0,21,21,0,0,0,4,3,0
Dunleer, Louth Division,Dunleer,-6.394568,53.828524,20,6,0,1,34,50,6,2,1,33,32,4
Dunmanway, Cork West Division,Dunmanway,-9.11014,51.722827,17,6,0,0,12,31,2,8,0,19,27,1
Dunmore East, Waterford Division,Dunmore East,-6.99287,52.14839,14,4,0,1,19,17,0,3,0,9,10,0
Dunmore, Galway Division,Dunmore,-8.74063,53.61755400000001,3,5,0,0,4,24,0,2,0,4,2,1
Dunshaughlin, Meath Division,Dunshaughlin,-6.539311,53.510761,38,13,0,2,55,107,6,3,2,36,21,1
Durrow, Laois/Offaly Division,Durrow,-7.396091,52.844258,4,3,0,0,20,21,2,1,0,5,4,1
Durrus, Cork West Division,Durrus,-9.523956,51.620542,1,4,0,0,3,6,0,3,0,2,0,0
Edenderry, Laois/Offaly Division,Edenderry,-7.060821000000002,53.336835,27,3,0,0,96,123,11,7,5,62,26,3
Edgeworthstown, Roscommon/Longford Division,Edgeworthstown,-7.6059899999999985,53.69557800000001,30,13,1,1,50,47,2,17,1,47,34,4
Elphin, Roscommon/Longford Division,Elphin,-8.192477,53.84582,5,1,0,1,5,4,1,0,0,2,2,0
Emly, Tipperary Division,Emly,-8.354184,52.465127,2,4,0,0,0,5,0,1,0,5,2,1
Emyvale, Cavan/Monaghan Division,Emyvale,-6.9575960000000014,54.339356,5,4,0,0,4,25,2,1,1,7,12,1
Enfield, Meath Division,Enfield,-6.833864,53.415111,3,8,0,1,17,25,2,1,3,11,11,0
Ennis, Clare Division,Ennis,-8.981120000000002,52.84681,114,78,1,14,166,461,30,219,37,168,408,143
Enniscorthy, Wexford Division,Enniscorthy,-6.5706820000000015,52.500739,54,35,0,8,169,247,14,32,8,170,92,24
Enniscrone, Sligo/Leitrim Division,Enniscrone,-9.088505,54.213846,13,10,0,0,22,31,1,3,0,15,9,1
Enniskerry, Wicklow Division,Enniskerry,-6.169531,53.191343,5,1,0,2,30,75,1,2,0,21,14,1
Ennistymon, Clare Division,Ennistymon,-9.288537,52.937394,20,26,0,0,12,46,1,14,0,27,70,7
Eyrecourt, Galway Division,Eyrecourt,-8.132368,53.199426,4,0,0,0,7,9,1,0,0,7,0,0
Farranfore, Kerry Division,Farranfore,-9.549686999999999,52.171391,9,5,0,0,6,7,3,4,2,2,3,0
Ferbane, Laois/Offaly Division,Ferbane,-7.827617999999998,53.270751,12,5,0,0,15,19,1,2,0,10,10,1
Fermoy, Cork North Division,Fermoy,-8.274164,52.138516,45,21,0,2,28,101,20,40,3,50,128,18
Ferns, Wexford Division,Ferns,-6.497766,52.59099499999999,2,0,0,0,19,34,1,1,0,14,10,1
Ferrybank, Waterford Division,Ferrybank,-7.101039,52.267457,20,20,0,1,48,73,8,15,0,31,13,3
Fethard, Tipperary Division,Fethard,-7.694428,52.466397,9,8,1,0,28,15,2,10,1,25,20,0
Finglas, D.M.R. Western Division,Finglas,-6.3069190000000015,53.389651,110,79,0,92,299,989,63,473,42,450,308,41
Fitzgibbon Street, D.M.R. North Central Division,Fitzgibbon Street,-6.255359,53.357735,136,28,0,82,269,864,45,272,39,288,214,12
Foxford, Mayo Division,Foxford,-9.108411,53.983287,5,5,0,0,10,15,0,3,0,5,12,0
Foynes, Limerick Division,Foynes,-9.10367,52.609730000000006,11,2,0,0,11,33,1,0,0,5,5,0
Frenchpark, Roscommon/Longford Division,Frenchpark,-8.407873,53.869536,2,0,0,1,12,11,2,6,0,5,0,1
Freshford, Kilkenny/Carlow Division,Freshford,-7.3944100000000015,52.73244,2,2,0,1,12,10,0,2,1,2,2,0
Gaillimh, Galway Division,Galway,-9.057489,53.271404,277,169,7,22,386,1188,138,344,27,349,1026,179
Garristown, D.M.R. Northern Division,Garristown,-6.383903,53.567052,5,0,0,1,13,32,0,2,0,9,2,0
Glanmire, Cork City Division,Glanmire,-8.396809,51.918419,25,14,0,0,32,112,13,27,1,50,45,6
Glantaine, Cork North Division,Glantane,-8.748764,52.104692,5,5,0,0,5,18,0,2,0,6,2,1
Glasson, Westmeath Division,Glassan,-7.864255,53.47135400000001,7,1,0,0,19,17,2,2,0,5,2,0
Gleann na Muaidhe, Mayo Division,Glenamaddy,-8.560181,53.607443,2,1,0,0,1,1,1,0,0,5,5,1
Glenamaddy, Galway Division,Glenamoy,-9.67877,54.240839,4,4,0,0,3,12,2,0,0,3,3,4
Glenbeigh, Kerry Division,Glenbeigh,-9.937063,52.057123,0,0,0,0,1,1,1,1,0,1,5,0
Glengarriff, Cork West Division,Glengarriff,-9.55071,51.750564,0,2,0,0,4,6,0,2,0,6,2,4
Glenmore, Kilkenny/Carlow Division,Glenmore,-7.028012,52.35384000000001,2,0,0,0,11,19,1,7,1,4,0,0
Glin, Limerick Division,Glin,-9.284509,52.569586,3,2,0,0,18,11,2,1,1,6,1,0
Glynn, Wexford Division,Glynn,-6.582891,52.372768,5,2,0,0,11,11,0,0,0,4,1,0
Golden, Tipperary Division,Golden,-7.984692999999999,52.496771,1,3,0,0,4,14,0,1,0,3,2,0
Goresbridge, Kilkenny/Carlow Division,Goresbridge,-6.994435,52.630035,1,3,0,0,14,25,2,19,0,17,7,0
Gorey, Wexford Division,Gorey,-6.29727,52.675046,53,35,0,11,141,234,15,40,4,86,111,43
Gort, Galway Division,Gort,-8.818184000000002,53.067434,17,13,0,1,24,59,13,11,2,20,35,2
Graiguenamanagh, Kilkenny/Carlow Division,Graiguenmana,-6.9567679999999985,52.542471,3,3,0,0,15,23,3,5,2,9,14,1
Granard, Roscommon/Longford Division,Granard,-7.494222,53.77855200000001,19,10,0,0,36,39,5,7,6,33,16,0
Grange, Sligo/Leitrim Division,Grange,-8.520745,54.393368,5,3,0,0,17,21,2,0,0,14,7,1
Greystones, Wicklow Division,Greystones,-6.063164,53.147964,40,12,0,7,139,371,29,32,6,104,62,15
Gurranabraher, Cork City Division,Gurranabraher,-8.496622,51.903493,139,37,0,7,58,203,16,137,29,296,253,42
Gurteen, Sligo/Leitrim Division,Gurteen,-8.515829,53.99296700000001,1,1,0,0,4,11,1,6,1,4,5,1
Hackballscross, Louth Division,Hackballscross,-6.524163,54.031641,2,1,0,0,11,17,1,0,0,16,2,4
Hacketstown, Kilkenny/Carlow Division,Hacketstown,-6.556978,52.86434200000001,4,0,0,0,5,5,1,1,0,2,2,2
Headford, Galway Division,Headford,-9.098307,53.470318000000006,7,10,0,0,33,30,2,2,0,13,10,0
Henry Street, Limerick Division,Henry Street,-8.631345,52.66164000000001,200,106,2,38,283,1622,66,280,72,414,969,420
Holycross, Tipperary Division,Holycross,-7.872911,52.642571,1,7,0,0,11,7,0,10,0,2,5,0
Hospital Co Limerick, Limerick Division,Hospital,-8.432453,52.475237,6,2,0,0,13,22,0,0,0,4,4,2
Howth, D.M.R. Northern Division,Howth,-6.069001,53.387287,22,23,2,19,208,274,11,21,3,98,49,12
Indreabhain, Galway Division,Inverin,-9.429568,53.240587,4,3,0,0,2,3,0,1,0,7,6,0
Innishannon, Cork West Division,Innishannon,-8.655438,51.764428,3,7,0,0,4,12,2,6,0,4,0,0
Irishtown, D.M.R. South Central Division,Irishtown,-6.22304,53.338063,35,9,1,19,258,565,38,68,19,140,164,15
Kanturk, Cork North Division,Kanturk,-8.912577000000002,52.17587,15,20,0,0,19,39,3,14,2,12,49,0
Keadue, Roscommon/Longford Division,Keadue,-8.137298,54.05064599999999,4,0,0,0,2,9,0,0,0,1,0,0
Kealkil, Cork West Division,Kealkill,-9.375316999999999,51.755046,2,1,0,0,3,1,0,8,0,4,2,0
Keel, Mayo Division,Keel,-10.082253,53.975372,4,0,0,0,1,1,1,1,1,5,1,0
Kells Ceanannus Mor, Meath Division,Kells,-6.881214999999999,53.728408,33,21,0,0,76,164,8,13,4,57,43,9
Kenagh, Roscommon/Longford Division,Keenagh,-7.815098,53.621951,1,3,0,0,4,13,1,2,1,1,1,3
Kenmare, Kerry Division,Kenmare,-9.581625,51.87850200000001,5,6,0,0,25,28,3,8,0,10,73,4
Kerrykeel, Donegal Division,,-7.666324,55.137138,5,1,0,0,5,12,2,3,1,8,8,0
Kevin Street, D.M.R. South Central Division,Kevin Street,-6.2702480000000005,53.338982,205,43,1,113,409,1151,81,158,31,306,345,17
Kilbeggan, Westmeath Division,Kilbeggan,-7.499184,53.36854399999999,7,3,0,0,18,46,3,0,0,10,5,2
Kilbrittain, Cork West Division,Kilbrittain,-8.690112,51.673531,3,4,0,0,4,5,5,1,0,9,0,0
Kilcock, Kildare Division,Kilcock,-6.672497,53.403846,18,18,0,1,34,122,6,14,4,33,29,22
Kilconnell, Galway Division,Kilconnell,-8.401656,53.331374,2,2,0,0,1,4,0,2,0,1,54,0
Kilcormac, Laois/Offaly Division,Kilcormac,-7.728836,53.176184,2,0,0,0,15,26,1,0,0,7,4,0
Kilcullen, Kildare Division,Killcullen,-6.7465720000000005,53.12914,11,10,0,3,62,81,19,6,0,40,19,3
Kildare, Kildare Division,Kildare,-6.907264,53.156035,42,16,0,6,81,164,22,40,6,70,88,5
Kildorrery, Cork North Division,Kildorrery,-8.429624,52.24543900000001,3,7,0,0,4,13,0,3,1,6,3,0
Kildysart, Clare Division,Kildysart,-9.105833,52.674604,2,0,0,0,1,5,1,2,0,4,3,1
Kilkee, Clare Division,Kilkee,-9.644718,52.682402,13,11,0,0,20,21,2,26,3,17,35,2
Kilkelly, Mayo Division,Kilkelly,-8.843456,53.87335600000001,2,2,0,0,6,12,0,1,0,3,6,2
Kilkenny, Kilkenny/Carlow Division,Kilkenny,-7.259722999999998,52.65244000000001,200,89,1,4,303,823,38,158,23,223,881,86
Kill, Waterford Division,Kill,-7.335097,52.177324,3,0,0,0,3,10,1,3,0,8,5,1
Killala, Mayo Division,Killala,-9.220514999999999,54.214104000000006,5,7,0,0,7,17,1,0,0,12,6,0
Killaloe, Clare Division,Killaloe,-8.443660000000001,52.806662,22,14,0,0,20,55,2,12,4,16,38,12
Killarney, Kerry Division,Killarney,-9.512388,52.062403,92,57,0,2,67,272,25,136,15,64,433,59
Killeagh, Cork North Division,Killeagh,-7.994963,51.939762,14,8,0,0,10,17,2,6,0,14,15,1
Killenaule, Tipperary Division,Killenaule,-7.672826,52.568519,6,1,0,0,12,29,0,11,4,12,8,1
Killeshandra, Cavan/Monaghan Division,Killeshandra,-7.525932000000001,54.011748,1,1,0,0,5,7,0,0,0,3,2,0
Killimor, Galway Division,Killimor,-8.294188,53.165886,4,2,0,0,8,13,0,0,0,3,2,0
Killorglin, Kerry Division,Killorglin,-9.787144,52.106496,32,12,0,2,20,53,4,11,6,12,43,21
Killucan, Westmeath Division,Killucan,-7.13967,53.514714,6,7,0,1,6,12,1,2,0,6,2,3
Kilmacow, Kilkenny/Carlow Division,Kilmacow,-7.174842,52.314568,0,4,0,1,6,9,0,1,0,2,2,0
Kilmacrennan, Donegal Division,Kilmacrennan,-7.778514,55.029495,10,14,0,0,3,14,1,1,2,4,9,0
Kilmacthomas, Waterford Division,Kilmacthomas,-7.421334,52.206191,6,5,0,1,2,19,1,4,1,9,3,0
Kilmaine, Mayo Division,Kilmaine,-9.123797,53.582596,1,0,0,0,6,7,0,0,0,2,6,0
Kilmainham, D.M.R. South Central Division,Kilmainham,-6.304273,53.341869,128,34,3,60,274,909,39,158,43,392,293,16
Kilmallock, Limerick Division,Kilmallock,-8.575769000000001,52.398381,19,6,0,0,33,49,2,1,4,35,22,19
Kilmeaden, Waterford Division,Kilmeaden,-7.245047,52.246247,2,5,0,1,5,19,0,1,0,8,1,2
Kilmoganny, Kilkenny/Carlow Division,Kilmoganny,-7.329283999999999,52.46092,3,1,0,0,12,9,0,1,0,7,0,0
Kilmore Quay, Wexford Division,Kilmore Quay,-6.58373,52.178668,11,3,0,1,22,33,1,7,2,18,10,5
Kilnaleck, Cavan/Monaghan Division,Kilnaleck,-7.317922999999999,53.85846700000001,9,7,0,0,11,18,1,4,0,8,8,0
Kilrickle, Galway Division,Kilrickle,-8.452731,53.23064300000001,4,3,0,0,2,4,1,1,0,2,5,0
Kilrush, Clare Division,Kilrush,-9.481077,52.641064,24,10,0,5,27,50,3,27,3,38,48,17
Kilsheelan, Tipperary Division,Kilsheelan,-7.579801,52.361522,0,0,0,0,14,6,1,5,1,4,3,0
Kiltimagh, Mayo Division,Kiltimagh,-9.005765,53.84605500000001,3,1,0,0,11,18,0,2,1,3,6,0
Kiltormer, Galway Division,Kiltormer,-8.271341,53.237577,1,1,0,0,2,1,0,0,0,1,0,0
Kilworth, Cork North Division,Kilworth,-8.249569000000001,52.176253,1,3,0,0,5,7,0,1,0,2,4,5
Kingscourt, Cavan/Monaghan Division,Kingscourt,-6.806759,53.904314,20,13,0,2,4,26,5,2,0,15,12,3
Kinlough, Sligo/Leitrim Division,Kinlough,-8.286956,54.445777,5,3,0,0,12,12,1,1,0,11,3,1
Kinnegad, Westmeath Division,Kinnegad,-7.102805,53.455927,14,16,0,4,8,48,7,8,2,18,18,1
Kinnitty, Laois/Offaly Division,Kinnity,-7.722148,53.098414,1,1,0,0,10,7,0,0,0,0,1,0
Kinsale, Cork West Division,Kinsale,-8.52548,51.706322,37,22,0,1,17,79,5,36,4,64,150,5
Kinvara, Galway Division,Kinvara,-8.939726,53.14046999999999,3,2,0,0,7,8,1,5,0,4,10,0
Knock, Mayo Division,Knock,-8.918831000000003,53.795363,0,1,0,0,14,8,1,4,0,6,5,1
Knocknagoshel, Kerry Division,Knocknagoshel,-9.385306,52.330666,2,2,0,0,3,2,1,1,0,6,16,12
Lanesboro, Roscommon/Longford Division,Lanesboro,-7.985285,53.671004,7,2,0,0,19,17,2,4,0,13,6,0
Laytown, Meath Division,Laytown,-6.244004,53.689197,62,22,0,8,132,372,15,23,4,102,54,1
Leach Seoirse, Galway Division,Loughgeorge,-8.931293999999998,53.35705600000001,16,30,0,0,36,32,5,11,1,11,7,10
Leamybrien, Waterford Division,Leamybrien,-7.521634,52.169328,4,6,0,0,7,14,1,2,0,4,4,0
Leitir Mor, Galway Division,Leitir Mor,-9.655064999999999,53.289412,2,1,0,0,2,2,0,0,0,2,2,0
Leixlip, Kildare Division,Leixlip,-6.49825,53.367378,27,9,0,5,64,190,14,29,2,81,44,9
Letterfrack, Galway Division,Letterfrack,-9.947676,53.55420400000001,3,6,0,0,1,7,0,2,0,5,1,0
Letterkenny, Donegal Division,Letterkenny,-7.736422,54.954697,265,64,0,9,130,429,36,59,16,211,449,57
Lifford, Donegal Division,Lifford,-7.480269,54.832829,19,6,0,0,14,20,7,4,0,20,12,0
Liscarroll, Cork North Division,Liscarroll,-8.806260999999997,52.259567,4,1,0,1,1,7,0,1,1,3,0,0
Lisdoonvarna, Clare Division,Lisdoonvarna,-9.289667,53.028625,9,5,0,0,4,14,0,3,0,2,15,0
Lismore, Waterford Division,Lismore,-7.935513,52.136673,11,3,0,0,15,19,4,5,0,14,8,2
Lissycasey, Clare Division,Lissycasey,-9.154411999999999,52.746056,4,4,0,0,4,8,0,4,0,1,7,2
Listowel, Kerry Division,Listowel,-9.483916,52.447132,37,27,0,0,25,109,4,35,6,28,164,13
Littleton, Tipperary Division,Littleton,-7.734927000000001,52.64070200000001,2,1,0,0,5,24,1,3,0,17,14,1
Lixnaw, Kerry Division,Lixnaw,-9.616641,52.404074,2,4,0,0,4,7,0,6,1,4,8,2
Longford, Roscommon/Longford Division,Longford,-7.80138,53.73251,71,47,2,3,93,224,31,82,8,96,147,44
Longwood, Meath Division,Longwood,-6.926959,53.454571,5,1,0,0,21,21,0,0,1,10,2,3
Lorrha, Tipperary Division,Lorrha,-8.122077,53.09366,0,0,0,0,1,6,0,0,1,3,0,0
Loughrea, Galway Division,Loughrea,-8.569948,53.197374,41,11,0,0,35,71,20,21,3,26,98,12
Louisburgh, Mayo Division,Louisburgh,-9.807597,53.764608,4,1,0,0,1,4,0,1,0,4,3,0
Louth, Louth Division,Louth,-6.5379190000000005,53.95239399999999,3,5,0,0,24,33,2,1,2,18,4,0
Lucan, D.M.R. Western Division,Lucan,-6.45068,53.35605200000001,76,48,3,18,283,655,46,88,31,210,183,10
Lusk, D.M.R. Northern Division,Lusk,-6.167335,53.523431,30,23,0,4,84,412,10,22,4,82,37,9
Macroom, Cork West Division,Macroom,-8.963996,51.906268,33,20,0,0,11,60,9,19,1,24,53,13
Maigh Cuilinn, Galway Division,Moycullen,-9.181167,53.33831,5,3,0,0,3,11,1,2,0,9,4,2
Malahide, D.M.R. Northern Division,Malahide,-6.151959,53.451162,27,17,1,10,242,318,24,20,1,96,55,4
Mallow, Cork North Division,Mallow,-8.64594,52.13877,78,50,3,2,42,192,27,43,10,72,213,45
Manorhamilton, Sligo/Leitrim Division,Manorhamilton,-8.178512,54.304359,14,8,0,1,29,46,5,6,1,23,9,3
Mayfield, Cork City Division,Mayfield,-8.429043,51.909732,47,38,1,9,39,165,10,57,4,147,104,11
Maynooth, Kildare Division,Maynooth,-6.5927,53.380813,41,27,0,5,99,336,23,21,2,88,96,3
Mayorstone Park, Limerick Division,Mayorstone,-8.644739999999999,52.673726,91,46,0,14,145,550,22,111,39,269,232,200
Midleton, Cork North Division,Midleton,-8.173525999999999,51.916681,46,44,0,0,28,128,18,66,3,44,150,31
Milford, Cork North Division,Milford,-8.856400000000002,52.342465,0,2,1,0,2,15,0,1,0,6,3,0
Milford, Donegal Division,Milford,-7.698108,55.08699,12,2,0,1,6,5,0,2,1,12,9,0
Millstreet, Cork West Division,Millstreet,-9.061531,52.060069,15,2,0,0,11,35,2,4,0,11,10,2
Milltown, Galway Division,Milltown,-8.897447,53.611605,1,5,0,0,4,7,0,0,0,2,2,0
Miltown Malbay, Clare Division,Miltown Malbay,-9.400594,52.857453,7,4,0,0,7,15,0,12,0,12,22,2
Mitchelstown, Cork North Division,Mitchelstown,-8.270567999999999,52.263585,17,25,0,0,34,74,10,140,1,28,45,3
Moate, Westmeath Division,Moate,-7.734526,53.395738,10,4,0,0,22,22,2,4,2,17,6,5
Mohill, Sligo/Leitrim Division,Mohill,-7.868075,53.92083100000001,16,15,0,1,20,22,2,2,2,18,10,5
Monaghan, Cavan/Monaghan Division,Monaghan,-6.967516000000002,54.25137,86,59,1,1,40,186,16,47,5,90,222,29
Monasterevin, Kildare Division,Monasterevin,-7.054709,53.138195,23,8,0,1,48,106,7,13,3,31,23,1
Moneygall, Tipperary Division,Moneygall,-7.95344,52.88129300000001,2,2,0,0,2,8,0,0,1,4,3,0
Monivea, Galway Division,Monivea,-8.702331,53.373986,1,1,0,0,4,3,0,2,0,2,2,1
Mooncoin, Kilkenny/Carlow Division,Mooncoin,-7.257333999999998,52.294707,8,2,0,0,13,19,0,5,1,5,9,0
Mountbellew, Galway Division,Mountbellew,-8.500103999999999,53.471162,5,9,0,0,10,16,3,4,0,5,11,2
Mountcharles, Donegal Division,Mountcharles,-8.195837,54.645993,2,3,0,0,2,2,0,1,0,7,4,0
Mountjoy, D.M.R. North Central Division,Mountjoy,-6.266825,53.360484,229,50,1,72,281,891,99,133,29,362,215,55
Mountmellick, Laois/Offaly Division,Mountmellick,-7.3351479999999984,53.11878100000001,41,7,0,1,51,81,10,12,4,65,34,2
Mountrath, Laois/Offaly Division,Mountrath,-7.478072,52.99815200000001,24,10,1,1,44,57,2,4,1,24,17,1
Moville, Donegal Division,Moville,-7.028567,55.19163199999999,8,3,0,0,9,12,1,0,0,9,11,0
Moylough, Galway Division,Moylough,-8.567016,53.487694,0,3,0,0,4,9,0,1,0,1,0,0
Moyne, Tipperary Division,Moyne,-7.714103999999999,52.734272,0,0,0,0,4,6,0,4,0,3,1,0
Muff, Donegal Division,Muff,-7.268756,55.068587,2,7,0,2,15,25,0,1,0,7,9,0
Muine Bheag, Kilkenny/Carlow Division,Muine Bheag,-6.9573589999999985,52.701304,13,5,0,1,24,49,3,7,1,18,20,2
Mullagh, Cavan/Monaghan Division,Mullagh,-6.943188,53.811139,4,5,0,0,5,13,0,0,0,6,4,1
Mullinahone, Tipperary Division,Mullinahone,-7.505575,52.510156,0,0,0,0,8,14,0,3,0,3,3,0
Mullinavat, Kilkenny/Carlow Division,Mullinavat,-7.172155,52.366384,1,0,0,0,4,10,0,3,0,6,1,0
Mullingar, Westmeath Division,Mullingar,-7.345952,53.525701,121,93,0,10,161,457,45,196,19,249,382,121
Multyfarnham, Westmeath Division,Multyfarnham,-7.392333,53.62423100000001,4,2,0,0,19,23,0,0,0,10,1,0
Murroe, Limerick Division,Murroe,-8.399188,52.64968100000001,4,2,0,0,13,18,1,5,0,6,3,2
Myshall, Kilkenny/Carlow Division,Myshall,-6.7784460000000015,52.68751999999999,5,0,0,0,9,20,0,0,0,2,0,0
Na Cealla Beaga, Donegal Division,Killybegs,-8.444392,54.636599,11,4,0,0,7,7,0,8,1,7,23,1
Naas, Kildare Division,Naas,-6.6660070000000005,53.210722,89,86,1,6,271,636,52,75,5,184,128,110
Navan, Meath Division,Navan,-6.690417999999998,53.65451700000001,89,79,2,19,230,757,26,95,25,223,292,120
Nenagh, Tipperary Division,Nenagh,-8.199582000000001,52.864279,34,39,0,4,56,173,18,88,1,43,114,25
New Ross, Wexford Division,New Ross,-6.9508,52.38756400000001,47,35,0,4,76,134,12,32,2,66,93,4
Newbridge, Kildare Division,Newbridge,-6.795531,53.181435,96,31,0,10,197,373,15,78,8,115,120,14
Newcastle West, Limerick Division,Newcastle West,-9.062395,52.453746,47,28,0,0,27,131,9,20,9,50,116,50
Newmarket on Fergus, Clare Division,Newmarket,-8.996980000000002,52.214576,5,4,0,0,2,24,2,6,1,11,7,5
Newmarket, Cork North Division,Newmarket-on-Fergus,-8.899113,52.763172,9,1,0,1,14,36,3,5,0,8,14,0
Newport, Mayo Division,Newport,-9.546619999999999,53.890184,5,2,0,0,5,12,1,2,2,7,5,2
Newport, Tipperary Division,Newport,-8.407173,52.70962,6,14,0,1,14,44,5,5,0,11,11,2
Newtowncunningham, Donegal Division,Newtowncunningham,-7.507791,54.997599,22,8,0,1,11,18,0,4,0,16,13,7
Newtownmountkennedy, Wicklow Division,Newtownmountkennedy,-6.10944,53.096895,16,3,0,3,34,83,8,15,2,36,20,3
Nobber, Meath Division,Nobber,-6.746639999999998,53.820954,9,9,0,1,29,30,3,4,0,6,4,3
Oldcastle, Meath Division,Oldcastle,-7.161933,53.769274,12,8,0,0,14,47,3,5,1,6,14,1
Omeath, Louth Division,Omeath,-6.256309,54.086532,4,0,0,1,11,17,0,5,0,15,5,1
Oola, Limerick Division,Oola,-8.259684,52.52999000000001,2,0,0,0,3,8,0,0,0,5,3,0
Oughterard, Galway Division,Oughterard,-9.324545,53.42735500000001,5,3,0,0,6,12,0,2,0,6,6,1
Oulart, Wexford Division,Oulart,-6.391333,52.503337,6,3,0,0,18,26,2,0,1,8,5,0
Oylegate, Wexford Division,Oylegate,-6.529615,52.424081,1,1,0,0,13,26,0,1,1,5,4,1
Pallasgreen, Limerick Division,Pallasgreen,-8.353081,52.54829,5,3,0,0,14,25,2,1,0,6,0,0
Pallaskenry, Limerick Division,Pallaskenry,-8.866541,52.64055,1,3,0,0,18,42,0,0,0,10,3,1
Partry, Mayo Division,Partry,-9.279587,53.69868100000001,4,3,0,0,5,9,0,0,0,3,3,0
Passage East, Waterford Division,Passage East,-6.972809,52.23918,1,5,0,1,7,13,0,0,2,0,4,0
Passage West, Cork City Division,Passagewest,-8.331746,51.865188,11,3,0,0,7,51,0,10,1,25,18,2
Patrickswell, Limerick Division,Patrickswell,-8.712941,52.595751,7,9,0,1,13,44,0,4,0,10,11,5
Pearse Street, D.M.R. South Central Division,Pearse Street,-6.2562690000000005,53.345702,520,52,2,179,531,5952,303,476,122,458,1967,107
Pettigo, Donegal Division,Pettigo,-7.834881,54.54823,5,0,0,0,5,7,0,2,0,2,1,0
Piltown, Kilkenny/Carlow Division,Pilltown,-7.325473,52.349824,3,8,0,0,23,17,0,4,0,5,3,0
Portarlington, Laois/Offaly Division,Portarlington,-7.1877960000000005,53.159159,51,17,0,2,107,165,10,20,2,57,40,2
Portlaoise, Laois/Offaly Division,Portlaoise,-7.303082000000002,53.03165,148,69,0,8,240,632,38,190,19,219,270,96
Portlaw, Waterford Division,Portlaw,-7.317612,52.286264,3,1,0,0,4,10,0,4,1,12,12,0
Portmagee, Kerry Division,Portmagee,-10.36178,51.885159,1,1,0,0,2,1,0,0,0,2,1,0
Portroe, Tipperary Division,Portroe,-8.353676,52.88190400000001,2,0,0,0,3,8,1,1,0,2,1,0
Portumna, Galway Division,Portumna,-8.22043,53.09001,12,5,0,0,15,32,1,4,1,11,15,4
Raheny, D.M.R. Northern Division,Raheny,-6.177986,53.378983,42,25,1,14,214,317,29,52,6,121,66,15
Ramelton, Donegal Division,Ramelton,-7.650725,55.036652,7,7,0,0,3,6,2,3,0,3,13,0
Raphoe, Donegal Division,Raphoe,-7.59437,54.8744,23,2,0,0,13,10,3,1,0,14,21,0
Rathangan, Kildare Division,Rathangan,-6.997539,53.222117,29,5,0,1,31,65,2,5,0,18,10,0
Rathcoole, D.M.R. Western Division,Rathcoole,-6.464709,53.281792,47,14,0,14,154,361,11,14,6,100,34,7
Rathcormac, Cork North Division,Rathcormack,-8.284331,52.076086,6,6,0,1,10,25,3,16,1,16,12,0
Rathdowney, Laois/Offaly Division,Rathdowney,-7.597836999999998,52.856712,3,3,0,0,19,32,3,1,0,5,7,1
Rathdrum, Wicklow Division,Rathdrum,-6.226505,52.93099599999999,11,2,0,1,23,81,5,11,2,32,20,1
Rathfarnham, D.M.R. Southern Division,Rathfarnham,-6.28815,53.297388,83,68,0,15,432,875,55,287,27,321,220,25
Rathgormack, Waterford Division,Rathgormack,-7.5037699999999985,52.307456,1,0,0,0,8,12,0,0,0,5,2,1
Rathkeale, Limerick Division,Rathkeale,-8.939033,52.52336800000001,20,15,0,0,22,17,1,3,1,26,47,18
Rathmines, D.M.R. Southern Division,Rathmines,-6.267004,53.32131700000001,87,20,1,19,309,769,49,143,15,208,136,5
Rathmore, Cork West Division,Rathmore,-9.214231,52.084275,4,7,0,0,15,19,3,5,0,9,1,0
Rathmullen, Donegal Division,Rathmullen,-7.532564,55.0958,6,2,0,0,2,5,0,0,0,4,1,0
Rathvilly, Kilkenny/Carlow Division,Rathvilly,-6.695366,52.88042900000001,2,0,0,0,14,8,0,0,0,3,4,0
Rhode, Laois/Offaly Division,Rhode,-7.194828,53.351091,4,1,0,0,14,16,1,1,0,4,4,1
Riverstown, Sligo/Leitrim Division,Riverstown,-8.399996,54.12957,1,5,0,0,3,11,4,2,0,3,3,0
Robertstown, Kildare Division,Robertstown,-6.816396000000001,53.27022,15,3,0,1,41,57,1,4,0,22,7,1
Rochfortbridge, Westmeath Division,Rochfortbridge,-7.301832000000001,53.41328299999999,7,11,0,1,17,24,1,4,0,8,9,1
Rockcorry, Cavan/Monaghan Division,Rockcorry,-7.0093679999999985,54.120158,1,2,0,0,4,11,0,0,2,2,0,0
Ronanstown, D.M.R. Western Division,Ronanstown,-6.406023,53.337899,120,44,0,52,257,889,48,409,49,362,178,88
Roosky, Roscommon/Longford Division,Rooskey,-7.922834,53.832866,2,1,0,0,5,8,0,1,0,4,0,0
Ros Muc, Galway Division,Ros Muck,-9.609865,53.386363,0,0,0,0,2,4,0,0,0,2,1,0
Roscommon, Roscommon/Longford Division,Roscommon,-8.193576,53.629842,51,37,0,0,35,102,19,21,2,37,73,12
Roscrea, Tipperary Division,Roscrea,-7.798782000000001,52.956163,13,18,0,0,50,63,9,45,10,16,55,5
Rosscarbery, Cork West Division,Rosscarberry,-9.031503,51.577571,3,3,0,0,7,14,1,1,0,3,6,0
Rosses Point, Sligo/Leitrim Division,Rosses Point,-8.546543,54.30536899999999,2,3,0,0,5,8,1,2,0,1,1,0
Rosslare Harbour, Wexford Division,Rosslare Harbour,-6.334101,52.248751,7,2,1,0,27,23,10,3,0,17,13,9
Rosslare Strand, Wexford Division,Rosslare Strand,-6.384849,52.269656,15,3,0,0,43,37,2,5,1,16,10,1
Roundwood, Wicklow Division,Roundstone,-9.921109,53.393576,14,0,0,0,16,89,2,9,2,37,12,0
Roxboro Road, Limerick Division,Roxboro Road,-8.61491,52.650763,149,64,2,23,199,959,45,189,43,467,327,228
Santry, D.M.R. Northern Division,Santry,-6.251635,53.38972800000001,97,57,0,32,345,957,73,93,17,297,162,14
Scariff, Clare Division,Scarriff,-8.534771000000001,52.90683000000001,19,11,0,1,18,44,2,9,1,7,9,0
Schull, Cork West Division,Schull,-9.541360000000001,51.528718,19,4,0,0,4,23,2,7,0,13,16,2
Scotstown, Cavan/Monaghan Division,Scotstown,-7.063623,54.280267,10,1,0,0,7,3,2,0,0,7,1,0
Shankill, D.M.R. Eastern Division,Shankill,-6.121017,53.233524,96,18,3,22,191,354,17,51,11,203,65,14
Shannon, Clare Division,Shannon,-8.877221000000002,52.70789499999999,40,27,0,9,29,106,10,54,3,65,95,9
Shercock, Cavan/Monaghan Division,Shercock,-6.900786,53.992199,1,1,0,0,4,9,0,0,1,1,3,1
Shevry, Tipperary Division,Shevry,-8.047130000000001,52.686935,0,5,0,0,2,2,0,1,0,0,0,0
Shillelagh, Wicklow Division,Shilleagh,-6.537507,52.754565,9,2,0,0,8,16,1,1,0,4,0,0
Shinrone, Laois/Offaly Division,Shinrone,-7.934131,52.98467900000001,3,0,0,0,10,8,0,0,1,5,0,0
Shrule, Mayo Division,Shrule,-9.087625,53.519846,2,1,0,0,8,6,0,0,0,6,1,0
Sixmilebridge, Clare Division,Sixmilebridge,-8.777944999999999,52.740101,2,5,1,1,18,35,1,8,1,6,8,0
Skerries, D.M.R. Northern Division,Skerries,-6.106963,53.579593,19,11,0,5,75,108,6,9,0,50,17,6
Skibbereen, Cork West Division,Skibbereen,-9.264135,51.548587,21,13,0,0,10,39,8,6,1,33,54,10
Skreen, Sligo/Leitrim Division,Skreen,-8.720407000000002,54.2446,0,0,0,0,0,5,0,0,0,2,2,2
Slane, Meath Division,Slane,-6.547504,53.709681,10,7,0,0,31,33,1,8,1,15,5,0
Sligo, Sligo/Leitrim Division,Sligo,-8.471264999999999,54.26925600000001,139,44,1,5,136,386,30,103,36,281,378,77
Smear, Roscommon/Longford Division,Smear,-7.601682,53.860567,2,4,0,0,6,8,1,0,0,4,0,0
Sneem, Kerry Division,Sneem,-9.90396,51.838914,5,1,0,0,4,8,0,1,0,2,3,0
Stoneyford, Kilkenny/Carlow Division,Stoneyford,-7.228582,52.536386,2,3,0,0,3,2,0,1,0,4,1,0
Store Street, D.M.R. North Central Division,Store Street,-6.252246,53.350455,305,64,2,131,351,5008,175,1336,109,513,1027,25
Stradbally Co Laois, Laois/Offaly Division,,-7.151598399999999,53.01767389999999,7,6,0,0,46,80,2,308,5,13,31,0
Strokestown, Roscommon/Longford Division,Strokestown,-8.103817,53.780762,2,3,0,1,4,14,3,1,1,7,3,1
Stuake, Cork West Division,Stuake,-8.760124000000001,51.990501,3,2,0,0,5,7,1,0,0,1,0,0
Summerhill, Meath Division,Summerhill,-6.7334380000000005,53.48196,1,1,0,0,13,30,2,3,1,6,11,4
Sundrive Road, D.M.R. Southern Division,Sundrive Road,-6.298731,53.330191000000006,97,29,1,32,287,379,30,156,29,256,125,18
Swanlinbar, Cavan/Monaghan Division,Swanlinbar,-7.703839,54.196111,0,1,0,0,5,7,0,1,0,2,0,0
Swinford, Mayo Division,Swinford,-8.952211,53.940637,15,5,4,0,12,36,2,4,2,17,23,0
Swords, D.M.R. Northern Division,Swords,-6.221116,53.456023,151,80,0,23,304,913,73,197,15,290,248,146
Taghmon, Wexford Division,Taghmon,-6.651727,52.322031,8,3,0,0,36,18,1,5,0,33,12,1
Tallaght, D.M.R. Southern Division,Tallaght,-6.367838,53.286801,322,125,2,187,938,1632,84,391,94,909,559,299
Tallow, Waterford Division,Tallow,-8.007298,52.09370300000001,3,2,0,0,6,8,2,0,0,0,4,0
Tarbert, Kerry Division,Tarbert,-9.375422,52.572734,3,2,0,0,7,9,0,3,0,3,5,0
Tarelton, Cork West Division,Tarelton,-8.992849,51.838531,3,3,0,0,3,16,0,0,0,1,3,0
Taughmaconnell, Roscommon/Longford Division,Taughmaconnell,-8.172962,53.393162,0,1,0,0,0,2,0,1,0,2,0,0
Templederry, Tipperary Division,Templederry,-8.07501,52.774143,3,0,0,0,2,0,0,0,0,1,0,0
Templemore, Tipperary Division,Templemore,-7.835087,52.796632,11,6,0,0,17,51,1,11,0,15,23,2
Templetuohy, Tipperary Division,Templetuohy,-7.720095,52.790294,1,0,0,0,6,6,0,0,0,2,3,0
Terenure, D.M.R. Southern Division,Terenure,-6.288029,53.309815,37,36,1,17,240,513,21,71,12,141,51,4
Thomastown, Kilkenny/Carlow Division,Thomastown,-7.140031,52.528949,15,7,0,2,15,37,4,13,3,14,21,3
Thurles, Tipperary Division,Thurles,-7.8119,52.675712,41,50,0,2,54,132,10,50,1,48,192,19
Timoleague, Cork West Division,Timoleague,-8.766241,51.642666,8,3,0,0,6,2,3,0,0,4,10,0
Tinahely, Wicklow Division,Tinahely,-6.469283,52.796724,6,0,0,1,18,12,1,0,2,10,3,0
Tipperary, Tipperary Division,Tipperary,-8.162901,52.476051,41,33,0,3,41,150,4,32,10,67,149,16
Togher, Cork City Division,Togher,-8.486227,51.876497,41,31,0,6,65,161,6,99,7,71,93,16
Toomevara, Tipperary Division,Toomevara,-8.036502,52.849684,1,2,0,0,8,9,0,1,1,4,1,0
Tralee, Kerry Division,Tralee,-9.708839,52.269488,155,125,0,5,116,542,33,201,23,146,558,66
Tramore, Waterford Division,Tramore,-7.1534119999999985,52.161475,50,25,1,1,42,104,4,45,4,69,108,9
Trim, Meath Division,Trim,-6.789303,53.553114,20,15,0,4,65,173,9,14,3,44,52,20
Tuam, Galway Division,Tuam,-8.855884,53.515662,74,28,0,0,62,111,28,44,5,54,103,20
Tubbercurry, Sligo/Leitrim Division,Tubbercurry,-8.734268,54.051574,17,8,0,1,31,40,1,7,2,21,18,6
Tulla, Clare Division,Tulla,-8.754769999999999,52.865385,8,6,0,0,12,25,2,2,0,4,9,0
Tullamore, Laois/Offaly Division,Tullamore,-7.4949059999999985,53.27605500000001,80,34,0,5,133,419,32,80,12,160,184,58
Tullow, Kilkenny/Carlow Division,Tullow,-6.733401,52.803828,17,9,1,2,40,57,1,9,1,24,32,5
Tulsk, Roscommon/Longford Division,Tulsk,-8.251828,53.777444,3,1,0,0,2,3,2,0,0,2,0,2
Urlingford, Kilkenny/Carlow Division,Urlingford,-7.58013,52.722103,10,2,0,0,21,28,0,1,1,10,12,0
Virginia, Cavan/Monaghan Division,Virginia,-7.081928,53.834442,18,21,0,0,20,40,2,8,4,18,31,12
Watercourse Road, Cork City Division,Watercourse Road,-8.474483,51.907175,199,46,0,35,91,474,24,199,25,327,261,23
Waterford, Waterford Division,Waterford,-7.115253999999998,52.260269,272,114,2,28,582,1327,54,255,45,506,557,103
Watergrasshill, Cork North Division,Watergrasshill,-8.342022,52.013443,4,7,0,0,5,14,4,9,2,6,6,0
Westport, Mayo Division,Westport,-9.519437,53.79906999999999,51,25,0,1,54,88,8,18,3,48,171,4
Wexford, Wexford Division,Wexford,-6.461997,52.335547,102,46,0,10,195,500,22,84,15,186,185,67
Whitegate, Cork North Division,Whitegate,-8.22781,51.82707,4,0,0,0,14,9,0,0,1,7,5,1
Wicklow, Wicklow Division,Wicklow,-6.042638,52.981435,72,23,0,3,101,254,13,74,8,96,130,25
Williamstown, Galway Division,Williamstown,-8.578412,53.677145,5,1,0,0,3,10,1,2,0,5,1,0
Woodford, Galway Division,Woodford,-8.400132000000001,53.047611,3,1,0,0,3,11,0,0,1,3,2,0
Youghal, Cork North Division,Youghal,-7.8427539999999984,51.948069,36,14,0,1,32,87,11,21,2,45,84,5
